id,first_name,last_name,email,gender,ip_address
1,Prent,Hazle,phazle0@studiopress.com,Male,106.52.7.50
2,Verney,Caffery,vcaffery1@microsoft.com,Male,115.60.250.62
3,Niels,Ryton,nryton2@webnode.com,Male,92.135.91.71
4,Weston,Laye,wlaye3@diigo.com,Genderfluid,211.23.231.22
5,Karen,Leveritt,kleveritt4@cloudflare.com,Female,235.48.58.94
6,Cal,Culy,cculy5@wisc.edu,Male,89.207.239.253
7,Sebastiano,Catherine,scatherine6@hao123.com,Male,217.239.69.197
8,Carina,Bonhomme,cbonhomme7@japanpost.jp,Female,104.101.197.151
9,Stoddard,Alabastar,salabastar8@github.com,Female,126.99.178.28
10,Kathi,Coode,kcoode9@chron.com,Non-binary,215.58.115.140
11,Cissiee,Kelsall,ckelsalla@adobe.com,Female,108.9.96.75
12,Rayna,Grestie,rgrestieb@ihg.com,Female,181.81.137.119
13,Quill,Tesimon,qtesimonc@blog.com,Male,73.128.32.236
14,Egor,Hucks,ehucksd@baidu.com,Male,206.234.198.50
15,Giusto,Raiston,graistone@independent.co.uk,Male,24.33.78.162
16,Sammy,Heys,sheysf@howstuffworks.com,Male,100.43.226.30
17,Glenn,Purchall,gpurchallg@nature.com,Male,106.5.176.182
18,Griffy,Alwood,galwoodh@senate.gov,Male,56.21.229.192
19,Shannah,Wingeat,swingeati@yelp.com,Female,85.252.129.109
20,Tadd,de Keyser,tdekeyserj@quantcast.com,Male,6.208.220.48
21,Ramonda,Swarbrick,rswarbrickk@intel.com,Female,220.239.35.20
22,Dolli,McGiffie,dmcgiffiel@earthlink.net,Female,255.140.124.251
23,Eduino,Malthus,emalthusm@example.com,Male,60.151.158.4
24,Homere,Happer,hhappern@1und1.de,Male,129.104.173.147
25,Kristel,Cary,kcaryo@xinhuanet.com,Female,169.26.210.59
26,Jobina,Krzyzowski,jkrzyzowskip@ucoz.ru,Female,184.41.204.188
27,Shandee,Vannacci,svannacciq@bloomberg.com,Female,52.118.237.165
28,Rodger,Braidley,rbraidleyr@mashable.com,Male,195.226.50.228
29,Karrah,Bleazard,kbleazards@mtv.com,Non-binary,22.67.108.227
30,Terza,Glasspoole,tglasspoolet@marketwatch.com,Female,243.124.94.34
31,Donovan,McCumesky,dmccumeskyu@google.co.uk,Male,161.141.185.183
32,Tymon,Resun,tresunv@tamu.edu,Male,64.149.87.172
33,Row,Parkin,rparkinw@gnu.org,Female,139.29.132.12
34,Lynnelle,Biskupski,lbiskupskix@miibeian.gov.cn,Female,169.73.52.49
35,Steve,Hullett,shulletty@bing.com,Male,204.216.151.41
36,Bartholomeus,Ensley,bensleyz@trellian.com,Male,231.205.93.128
37,Emmit,Enticknap,eenticknap10@list-manage.com,Male,241.146.53.30
38,Damon,Kegley,dkegley11@netlog.com,Male,184.32.58.93
39,Winslow,Deere,wdeere12@hp.com,Male,76.30.191.183
40,Wilhelmina,Martynov,wmartynov13@dmoz.org,Female,111.149.120.17
41,Davidson,Greenhead,dgreenhead14@de.vu,Polygender,204.70.48.88
42,Karia,Walcot,kwalcot15@whitehouse.gov,Female,115.143.210.8
43,Fairfax,Collinwood,fcollinwood16@sphinn.com,Male,88.216.134.146
44,Nefen,Blaszkiewicz,nblaszkiewicz17@usa.gov,Male,65.60.62.135
45,Haley,Oneile,honeile18@thetimes.co.uk,Female,160.41.144.3
46,Chilton,Lippini,clippini19@ask.com,Male,110.146.160.180
47,Fabio,Dominelli,fdominelli1a@com.com,Male,14.162.179.128
48,Annmarie,Ortmann,aortmann1b@fema.gov,Female,190.182.92.251
49,Dugald,Tebbit,dtebbit1c@eventbrite.com,Male,210.97.92.124
50,Marlie,Manley,mmanley1d@fc2.com,Female,127.235.127.13
51,Nicolis,Winteringham,nwinteringham1e@skype.com,Male,154.132.225.23
52,Eada,Alenov,ealenov1f@discovery.com,Female,203.52.221.179
53,Darice,Humm,dhumm1g@jiathis.com,Female,133.194.130.235
54,Burlie,Loeber,bloeber1h@reuters.com,Male,50.236.139.143
55,Sonya,Bentje,sbentje1i@1688.com,Female,195.175.246.139
56,Jo-ann,Meo,jmeo1j@virginia.edu,Female,114.35.177.142
57,Yalonda,Sans,ysans1k@state.gov,Female,136.129.73.67
58,Bertrand,Garbutt,bgarbutt1l@house.gov,Male,164.250.151.166
59,Benedicta,Connolly,bconnolly1m@quantcast.com,Female,121.224.33.183
60,Jed,Morcombe,jmorcombe1n@senate.gov,Male,25.164.62.2
61,Lothario,Lecordier,llecordier1o@ihg.com,Male,80.117.17.223
62,Nicoli,Low,nlow1p@biblegateway.com,Female,73.13.157.252
63,Marcello,Donaher,mdonaher1q@vk.com,Male,214.224.146.145
64,Cordy,Jackways,cjackways1r@tmall.com,Male,43.94.87.132
65,Deanna,Beardow,dbeardow1s@vkontakte.ru,Female,42.153.19.75
66,Stirling,McGaugey,smcgaugey1t@ft.com,Male,73.219.226.169
67,Karine,Borley,kborley1u@photobucket.com,Female,39.15.7.246
68,Merv,Arpino,marpino1v@eventbrite.com,Agender,238.90.243.24
69,Son,De Caville,sdecaville1w@umn.edu,Male,228.94.100.66
70,Aleen,Blackbourn,ablackbourn1x@google.pl,Female,187.212.89.234
71,Fulton,Dobrowolski,fdobrowolski1y@marketwatch.com,Male,5.12.156.65
72,Carmita,Mighele,cmighele1z@marketwatch.com,Female,90.0.150.247
73,Doralia,Pingston,dpingston20@bravesites.com,Female,49.208.128.3
74,Boris,Chiswell,bchiswell21@newyorker.com,Male,202.141.156.253
75,Ethelred,De Atta,edeatta22@istockphoto.com,Male,154.238.102.234
76,Garnette,Spurden,gspurden23@latimes.com,Female,150.193.162.131
77,Hubey,Debow,hdebow24@toplist.cz,Male,160.204.171.60
78,Jane,Morton,jmorton25@state.tx.us,Female,101.76.56.98
79,Lindon,Carbry,lcarbry26@ca.gov,Male,222.249.180.169
80,Rebecca,Raynor,rraynor27@eepurl.com,Female,73.59.200.184
81,Connor,Drinkall,cdrinkall28@pen.io,Male,150.169.152.145
82,Hammad,Malyon,hmalyon29@state.gov,Male,24.126.229.80
83,Beckie,Wallworth,bwallworth2a@wsj.com,Female,211.113.34.53
84,Wendel,Scanlan,wscanlan2b@sogou.com,Male,105.74.213.239
85,Alvy,Codrington,acodrington2c@vistaprint.com,Male,250.205.133.171
86,Gordie,Scuffham,gscuffham2d@rediff.com,Male,217.149.62.3
87,Borg,Brouwer,bbrouwer2e@edublogs.org,Genderqueer,37.173.119.95
88,Bryn,McCritchie,bmccritchie2f@51.la,Male,43.22.207.146
89,Clara,Menis,cmenis2g@opera.com,Female,100.149.203.198
90,Farr,Najera,fnajera2h@mashable.com,Male,178.81.9.123
91,Evangelin,Coulthart,ecoulthart2i@slashdot.org,Female,29.151.109.84
92,Byrle,Beauvais,bbeauvais2j@huffingtonpost.com,Male,239.197.64.55
93,Dulciana,Pina,dpina2k@goodreads.com,Polygender,28.40.76.197
94,Flo,Gepson,fgepson2l@patch.com,Female,137.30.136.153
95,Minnnie,Cristofori,mcristofori2m@weibo.com,Female,5.199.178.216
96,Felix,Walthew,fwalthew2n@rakuten.co.jp,Male,63.196.101.75
97,Richart,Paolini,rpaolini2o@miitbeian.gov.cn,Male,57.40.93.105
98,Othilia,Urch,ourch2p@live.com,Female,61.125.168.129
99,Opalina,Stittle,ostittle2q@vk.com,Female,37.72.92.176
100,Sabra,Perdue,sperdue2r@wunderground.com,Female,157.120.213.114
101,Jarrett,Skull,jskull2s@discuz.net,Male,105.186.207.111
102,Natassia,Matevushev,nmatevushev2t@joomla.org,Female,76.18.86.177
103,Trix,Churchard,tchurchard2u@infoseek.co.jp,Female,190.86.23.237
104,Xylia,Allsep,xallsep2v@mysql.com,Female,160.28.63.17
105,Kendal,Laxston,klaxston2w@ted.com,Male,32.102.54.89
106,Del,Paddington,dpaddington2x@live.com,Female,171.0.246.20
107,Miltie,Moyers,mmoyers2y@cbc.ca,Male,150.104.67.74
108,Riannon,Benley,rbenley2z@wix.com,Female,244.214.174.224
109,Hartwell,Gover,hgover30@oaic.gov.au,Male,45.135.97.193
110,Louie,Bartot,lbartot31@blogs.com,Male,81.254.28.21
111,Carlin,Moffet,cmoffet32@washingtonpost.com,Male,124.219.8.36
112,Lynelle,Rockwell,lrockwell33@mtv.com,Female,185.106.19.22
113,Billi,Petheridge,bpetheridge34@gizmodo.com,Female,186.37.11.70
114,Lon,Siveter,lsiveter35@dion.ne.jp,Male,5.216.50.201
115,Lexi,Ruppel,lruppel36@4shared.com,Non-binary,11.232.128.115
116,Thaxter,Jonuzi,tjonuzi37@elegantthemes.com,Male,111.167.14.130
117,Rowena,Szymanek,rszymanek38@wunderground.com,Non-binary,233.109.253.190
118,Boyd,Hammel,bhammel39@purevolume.com,Male,244.242.245.42
119,Nina,Rispine,nrispine3a@ucoz.ru,Non-binary,100.185.40.183
120,Lucy,Grzegorek,lgrzegorek3b@bbc.co.uk,Female,229.93.190.22
121,Beverlee,Minghella,bminghella3c@bloglovin.com,Female,14.106.245.249
122,Dodie,Skace,dskace3d@purevolume.com,Female,90.41.133.224
123,Nevile,Plaschke,nplaschke3e@creativecommons.org,Male,229.113.185.27
124,Cristine,Trunks,ctrunks3f@unblog.fr,Female,54.41.52.155
125,Jennine,Sweet,jsweet3g@shutterfly.com,Female,199.6.149.134
126,Desi,Lyddon,dlyddon3h@artisteer.com,Male,64.5.42.19
127,Leontine,Patchett,lpatchett3i@odnoklassniki.ru,Female,113.78.92.21
128,Kearney,Hemmingway,khemmingway3j@creativecommons.org,Male,34.1.31.197
129,Brady,Blazy,bblazy3k@spotify.com,Male,247.64.117.233
130,Dalila,Kenwood,dkenwood3l@liveinternet.ru,Female,27.215.71.228
131,Jason,Grayshon,jgrayshon3m@exblog.jp,Male,41.148.65.103
132,Emmerich,Abrami,eabrami3n@ning.com,Bigender,208.208.192.175
133,Chico,Shenton,cshenton3o@behance.net,Male,240.246.101.140
134,Griswold,Flory,gflory3p@newsvine.com,Male,49.111.34.228
135,Giraldo,Klinck,gklinck3q@wordpress.com,Male,10.10.169.138
136,Serena,Klicher,sklicher3r@bloomberg.com,Female,41.103.80.233
137,Yance,Morgans,ymorgans3s@tumblr.com,Male,3.87.124.15
138,Paton,Heathcott,pheathcott3t@auda.org.au,Male,125.248.212.7
139,Shermie,Hunday,shunday3u@canalblog.com,Male,66.62.59.215
140,Kimberlee,Byard,kbyard3v@exblog.jp,Female,64.53.142.31
141,Irv,Skrine,iskrine3w@scientificamerican.com,Male,150.216.14.63
142,Josee,Schreiner,jschreiner3x@icio.us,Female,115.208.99.220
143,Nat,Luparti,nluparti3y@mayoclinic.com,Female,89.247.102.75
144,Bealle,Stoney,bstoney3z@github.com,Male,185.148.61.190
145,Adriena,Dyster,adyster40@deviantart.com,Genderfluid,33.134.76.142
146,Ephrem,Cady,ecady41@skyrock.com,Male,215.183.22.108
147,Matilde,Bodesson,mbodesson42@github.io,Female,4.42.152.149
148,Carolina,Rollingson,crollingson43@businesswire.com,Female,108.216.201.181
149,Meredithe,Andrusyak,mandrusyak44@theatlantic.com,Agender,163.228.111.113
150,Darby,Huby,dhuby45@wordpress.org,Female,131.169.216.7
151,Kendrick,Lipsett,klipsett46@pbs.org,Agender,116.26.100.87
152,Crin,Dufaur,cdufaur47@google.it,Female,30.210.248.88
153,Karlan,Sharphurst,ksharphurst48@mtv.com,Male,247.96.84.236
154,Reinhold,Dobbin,rdobbin49@nifty.com,Male,135.137.59.37
155,Dillon,Ruby,druby4a@cbslocal.com,Non-binary,218.86.245.140
156,Eleonora,Rutter,erutter4b@ebay.com,Female,115.20.7.223
157,Tommy,Pol,tpol4c@ebay.co.uk,Male,34.119.82.160
158,My,Bagge,mbagge4d@taobao.com,Male,115.45.244.224
159,Clementina,Bradder,cbradder4e@artisteer.com,Female,0.58.85.176
160,Jephthah,Paxman,jpaxman4f@google.es,Male,107.120.5.52
161,Josepha,Widdecombe,jwiddecombe4g@nyu.edu,Female,103.20.200.45
162,Willis,Silliman,wsilliman4h@lulu.com,Male,13.183.153.20
163,Howard,Kneal,hkneal4i@issuu.com,Male,228.140.225.10
164,Allegra,Cathee,acathee4j@techcrunch.com,Female,186.148.13.92
165,Benjamen,Ellingsworth,bellingsworth4k@smh.com.au,Male,201.135.66.2
166,Dulcie,Naismith,dnaismith4l@mtv.com,Female,135.43.6.214
167,Gustave,Pearcey,gpearcey4m@bloglines.com,Male,92.59.194.40
168,Leupold,Richfield,lrichfield4n@shop-pro.jp,Male,136.250.217.155
169,Abdul,Tanby,atanby4o@abc.net.au,Male,48.78.85.37
170,Thorndike,King,tking4p@paypal.com,Male,1.81.254.70
171,Caldwell,Uttley,cuttley4q@netlog.com,Male,22.116.26.166
172,Roxanne,Tebbet,rtebbet4r@netvibes.com,Female,193.163.19.102
173,Arch,How,ahow4s@irs.gov,Male,197.194.221.6
174,Dulcy,Carley,dcarley4t@addtoany.com,Female,209.11.38.74
175,Lawry,Fearne,lfearne4u@miibeian.gov.cn,Male,9.219.61.120
176,Keary,De Leek,kdeleek4v@tinyurl.com,Male,113.94.9.33
177,Elisa,Bradburn,ebradburn4w@nbcnews.com,Female,193.153.216.150
178,Chance,Morecomb,cmorecomb4x@intel.com,Male,29.58.251.106
179,Quinta,Sherland,qsherland4y@multiply.com,Female,244.81.38.23
180,Juliann,Tierney,jtierney4z@feedburner.com,Genderqueer,93.175.208.242
181,Sondra,Mault,smault50@cpanel.net,Female,130.12.115.5
182,Wakefield,Cumberbatch,wcumberbatch51@techcrunch.com,Male,39.228.144.173
183,Darbee,Snailham,dsnailham52@nba.com,Male,155.125.134.100
184,Daffi,Glancy,dglancy53@rambler.ru,Female,102.211.55.21
185,Hazlett,Aubury,haubury54@ameblo.jp,Male,108.230.144.182
186,Joana,L'Episcopio,jlepiscopio55@dmoz.org,Female,110.217.107.104
187,Steffi,Pellamont,spellamont56@multiply.com,Female,22.207.192.62
188,Shell,Camelia,scamelia57@slideshare.net,Male,7.208.113.6
189,Margaretta,Mangham,mmangham58@cafepress.com,Female,60.180.7.97
190,Didi,Rundall,drundall59@nationalgeographic.com,Female,69.240.89.177
191,Bank,Watting,bwatting5a@skyrock.com,Bigender,19.212.231.180
192,Rogers,De Mitri,rdemitri5b@noaa.gov,Male,219.165.209.14
193,Georgeanne,Avrahamy,gavrahamy5c@bizjournals.com,Female,152.159.78.107
194,Ambros,Devas,adevas5d@psu.edu,Male,88.42.182.192
195,Sonni,Karpushkin,skarpushkin5e@miitbeian.gov.cn,Female,82.162.120.247
196,Joela,Henri,jhenri5f@umn.edu,Female,173.34.127.66
197,Federico,O'Keenan,fokeenan5g@addthis.com,Bigender,155.186.0.223
198,Vivianne,Anderbrugge,vanderbrugge5h@noaa.gov,Female,129.202.174.57
199,Fernandina,Hoofe,fhoofe5i@51.la,Female,129.85.135.32
200,Rutter,Works,rworks5j@ox.ac.uk,Male,244.43.215.96
201,Pippo,Rookeby,prookeby5k@japanpost.jp,Male,122.222.163.98
202,Aluino,Carryer,acarryer5l@tinypic.com,Male,48.68.238.101
203,Clayson,Achrameev,cachrameev5m@cyberchimps.com,Genderfluid,85.208.38.178
204,Norby,Bowyer,nbowyer5n@storify.com,Male,148.244.114.45
205,Tessy,Jirka,tjirka5o@flavors.me,Female,106.238.51.133
206,Ginnifer,Philippet,gphilippet5p@sina.com.cn,Female,44.121.32.234
207,Romeo,Hesser,rhesser5q@oakley.com,Male,193.84.221.235
208,Jack,Farnill,jfarnill5r@e-recht24.de,Male,159.53.74.186
209,Ingaberg,Lohan,ilohan5s@phpbb.com,Female,234.242.136.34
210,Roana,Hebborn,rhebborn5t@bloglovin.com,Female,222.18.15.42
211,Margarette,Kopf,mkopf5u@patch.com,Female,189.97.154.236
212,Janene,Kreutzer,jkreutzer5v@hatena.ne.jp,Female,165.121.9.158
213,Filberte,Zaniolini,fzaniolini5w@narod.ru,Male,108.206.206.118
214,Kathryn,Loughnan,kloughnan5x@cnbc.com,Female,167.42.78.114
215,Clive,Portinari,cportinari5y@stanford.edu,Male,14.78.80.79
216,Felicia,Beetham,fbeetham5z@domainmarket.com,Female,102.114.114.212
217,Ferrel,Nevins,fnevins60@fotki.com,Male,112.196.211.238
218,Georgena,Cornfoot,gcornfoot61@china.com.cn,Female,224.235.151.111
219,Binny,Dayce,bdayce62@cocolog-nifty.com,Female,92.226.234.252
220,Jeth,Last,jlast63@netvibes.com,Male,54.26.242.107
221,Sven,Nuccii,snuccii64@tumblr.com,Male,73.44.101.217
222,Glennis,Spir,gspir65@pcworld.com,Female,50.216.191.171
223,Claribel,Wesley,cwesley66@netscape.com,Female,177.158.63.111
224,Fey,Mewes,fmewes67@uiuc.edu,Female,160.195.218.110
225,Libbi,Pinchback,lpinchback68@economist.com,Female,13.154.97.8
226,Bartholomeus,Matignon,bmatignon69@furl.net,Male,58.153.241.206
227,Raquela,Skrzynski,rskrzynski6a@va.gov,Female,252.243.238.217
228,Bogey,Kingescot,bkingescot6b@nymag.com,Male,141.20.162.175
229,Cristian,Millthorpe,cmillthorpe6c@mail.ru,Male,148.62.145.121
230,Jefferey,Rozea,jrozea6d@google.it,Male,155.150.235.231
231,Jerrold,Mannion,jmannion6e@google.fr,Male,65.138.158.19
232,Fabiano,Chapier,fchapier6f@cocolog-nifty.com,Male,1.24.27.69
233,Mildred,Bursnoll,mbursnoll6g@google.com.hk,Female,168.40.109.246
234,Paula,Currm,pcurrm6h@facebook.com,Female,217.56.10.252
235,Chelsae,Bangham,cbangham6i@squarespace.com,Female,204.45.89.41
236,Katya,Maccari,kmaccari6j@ucoz.ru,Female,142.173.64.215
237,Alain,Lynn,alynn6k@yolasite.com,Male,40.238.240.184
238,Christoph,Huws,chuws6l@elegantthemes.com,Male,206.193.16.104
239,Susanne,Edlington,sedlington6m@vinaora.com,Agender,170.176.78.185
240,Cross,Gutans,cgutans6n@amazon.co.jp,Male,17.23.254.233
241,Hamilton,Swanne,hswanne6o@wix.com,Male,128.209.95.229
242,Yule,Poinsett,ypoinsett6p@cpanel.net,Agender,213.73.62.121
243,Corissa,Gregoriou,cgregoriou6q@businesswire.com,Female,112.183.169.131
244,Joelynn,Parmby,jparmby6r@springer.com,Female,105.128.71.105
245,Alanah,Dameisele,adameisele6s@arizona.edu,Female,184.177.37.212
246,Tildy,Pagram,tpagram6t@studiopress.com,Female,13.65.194.197
247,Burton,Chapelle,bchapelle6u@newsvine.com,Male,179.187.19.77
248,Shirleen,Licciardo,slicciardo6v@wisc.edu,Female,160.219.82.110
249,Leanna,Caff,lcaff6w@eventbrite.com,Female,254.18.71.134
250,Martica,Lownsbrough,mlownsbrough6x@ow.ly,Female,206.202.77.197
251,Bearnard,Braksper,bbraksper6y@google.it,Male,168.219.5.136
252,Wylie,Critchley,wcritchley6z@vistaprint.com,Genderqueer,220.77.166.24
253,Tamarra,Garza,tgarza70@patch.com,Female,233.219.24.47
254,Gibbie,Hughf,ghughf71@nytimes.com,Male,28.188.87.195
255,Si,Wither,swither72@tinypic.com,Male,17.233.87.114
256,Robby,Stammer,rstammer73@ebay.com,Female,118.19.106.72
257,Enid,Ropcke,eropcke74@arizona.edu,Female,148.237.152.52
258,Koral,Hazard,khazard75@europa.eu,Female,108.68.22.234
259,Debbi,Lockton,dlockton76@ocn.ne.jp,Female,238.208.27.225
260,Devy,Beau,dbeau77@fc2.com,Male,242.111.138.226
261,Dallas,Simchenko,dsimchenko78@reuters.com,Female,171.163.115.50
262,Serge,Stather,sstather79@list-manage.com,Male,83.233.71.121
263,Babs,Bleazard,bbleazard7a@senate.gov,Female,207.194.82.210
264,Joan,Hamnet,jhamnet7b@utexas.edu,Female,207.130.139.74
265,Even,Giabucci,egiabucci7c@drupal.org,Male,61.136.114.19
266,Godart,Jurek,gjurek7d@economist.com,Male,227.11.56.216
267,Lefty,Bowhey,lbowhey7e@biblegateway.com,Male,40.242.111.70
268,Millisent,Clubb,mclubb7f@craigslist.org,Female,244.39.243.228
269,Noelani,Schimaschke,nschimaschke7g@odnoklassniki.ru,Female,107.103.126.12
270,Cornie,Robertson,crobertson7h@si.edu,Female,222.188.163.83
271,Dian,Seagood,dseagood7i@dailymotion.com,Bigender,102.24.245.7
272,Haze,Eastcott,heastcott7j@instagram.com,Male,18.83.45.99
273,Delano,Emmet,demmet7k@howstuffworks.com,Male,195.182.229.68
274,Stanfield,Purbrick,spurbrick7l@auda.org.au,Genderqueer,89.73.166.22
275,Dale,Methringham,dmethringham7m@gnu.org,Female,132.7.98.167
276,Florentia,Plowell,fplowell7n@dedecms.com,Female,25.156.191.196
277,Judie,Pacey,jpacey7o@boston.com,Non-binary,25.191.78.141
278,Berta,Coulthart,bcoulthart7p@mayoclinic.com,Female,66.151.245.239
279,Alanna,Monard,amonard7q@reuters.com,Female,96.111.143.237
280,Umeko,Fairnington,ufairnington7r@paypal.com,Female,103.20.242.18
281,Toinette,Sulley,tsulley7s@blogger.com,Female,201.229.169.40
282,Elyssa,Heinsh,eheinsh7t@foxnews.com,Female,46.114.182.138
283,Linnea,Danielou,ldanielou7u@elpais.com,Female,134.254.21.253
284,Mickie,Dunsmuir,mdunsmuir7v@unesco.org,Genderfluid,118.36.37.218
285,Melisande,Cripps,mcripps7w@simplemachines.org,Polygender,191.85.143.138
286,Rubin,Tretwell,rtretwell7x@ftc.gov,Male,147.47.29.148
287,Nester,Stodd,nstodd7y@ovh.net,Non-binary,92.51.63.196
288,Shirl,Puig,spuig7z@youku.com,Female,156.150.190.134
289,Ashlin,Ream,aream80@livejournal.com,Male,27.85.22.225
290,Lucila,Le Fevre,llefevre81@flavors.me,Bigender,229.24.240.66
291,Winnie,Ahlin,wahlin82@chicagotribune.com,Male,2.54.37.235
292,Marquita,Mapletoft,mmapletoft83@jalbum.net,Female,28.191.147.225
293,Shelby,Tesoe,stesoe84@tamu.edu,Female,180.236.148.113
294,Heath,Huske,hhuske85@feedburner.com,Female,213.38.224.36
295,Gilles,Gautrey,ggautrey86@prlog.org,Male,100.205.181.174
296,Garek,Graundisson,ggraundisson87@mysql.com,Male,65.4.204.232
297,Erie,Matitiaho,ematitiaho88@ask.com,Male,135.90.51.99
298,Cam,Neligan,cneligan89@naver.com,Female,223.110.7.96
299,Ephrem,Stanway,estanway8a@cornell.edu,Male,169.123.179.117
300,Hedwiga,Sexcey,hsexcey8b@bizjournals.com,Female,191.120.79.113
301,Tynan,Rooksby,trooksby8c@blogger.com,Male,80.203.180.205
302,Sauncho,Carlino,scarlino8d@spiegel.de,Male,203.63.254.231
303,Alleen,Simeonov,asimeonov8e@last.fm,Female,117.242.235.22
304,Tana,Featherbie,tfeatherbie8f@meetup.com,Female,173.203.137.130
305,Jared,Cropper,jcropper8g@kickstarter.com,Male,55.237.228.109
306,Lyon,McMurty,lmcmurty8h@sohu.com,Male,248.174.89.255
307,Roderic,Jouhning,rjouhning8i@nhs.uk,Male,82.51.129.67
308,Kanya,McGaugan,kmcgaugan8j@flavors.me,Female,224.124.201.171
309,Brigg,Bradder,bbradder8k@virginia.edu,Male,156.91.7.215
310,Cherin,Pero,cpero8l@twitpic.com,Female,102.250.46.45
311,Basilio,Enoch,benoch8m@hostgator.com,Male,217.252.112.65
312,Niccolo,Hampshaw,nhampshaw8n@scientificamerican.com,Male,208.46.71.65
313,Claudianus,Leggate,cleggate8o@apple.com,Male,197.148.14.45
314,Lindi,Morrison,lmorrison8p@tmall.com,Female,3.185.138.126
315,Dagmar,Haugh,dhaugh8q@mozilla.com,Female,83.23.172.190
316,Terencio,Tippell,ttippell8r@php.net,Male,51.57.61.101
317,Shell,Vint,svint8s@weebly.com,Female,48.53.78.65
318,Bertina,Duferie,bduferie8t@eventbrite.com,Female,23.78.161.216
319,Walker,Wittke,wwittke8u@redcross.org,Male,22.76.234.209
320,Schuyler,Seif,sseif8v@miitbeian.gov.cn,Male,12.61.38.125
321,Sianna,Fabbri,sfabbri8w@aboutads.info,Female,126.123.152.22
322,Theressa,Hendron,thendron8x@kickstarter.com,Female,153.201.70.87
323,Carmen,Kither,ckither8y@amazon.de,Female,149.123.99.2
324,Keven,Buglar,kbuglar8z@nytimes.com,Male,230.133.247.84
325,Guthrie,Dict,gdict90@zimbio.com,Genderqueer,125.17.213.141
326,Salomon,Vignaux,svignaux91@chicagotribune.com,Male,225.149.112.148
327,Elenore,Challender,echallender92@ihg.com,Female,51.51.187.162
328,Jordana,Parsley,jparsley93@biglobe.ne.jp,Female,223.114.144.115
329,Steve,Rollason,srollason94@engadget.com,Male,27.196.187.236
330,Michaelina,Slowgrove,mslowgrove95@pbs.org,Non-binary,146.170.222.17
331,Cariotta,Meak,cmeak96@homestead.com,Agender,40.97.238.249
332,Milka,Teresse,mteresse97@icio.us,Agender,132.211.64.153
333,Rici,Trigg,rtrigg98@rakuten.co.jp,Female,185.141.248.220
334,Zandra,Ghest,zghest99@canalblog.com,Female,24.58.114.52
335,Godfree,Prover,gprover9a@netvibes.com,Non-binary,83.174.239.66
336,Munroe,Permain,mpermain9b@newsvine.com,Male,166.254.51.138
337,Gray,Gennrich,ggennrich9c@myspace.com,Male,246.196.159.178
338,Evelin,Raper,eraper9d@moonfruit.com,Male,127.44.90.226
339,Quent,Lowy,qlowy9e@craigslist.org,Male,61.188.185.52
340,Bealle,Martinuzzi,bmartinuzzi9f@example.com,Male,50.218.222.155
341,Paulina,Blase,pblase9g@harvard.edu,Polygender,135.80.11.132
342,Hermy,Farr,hfarr9h@redcross.org,Male,41.176.68.84
343,Joscelin,Baskwell,jbaskwell9i@odnoklassniki.ru,Female,192.179.68.10
344,Leyla,Hessay,lhessay9j@wordpress.org,Female,44.15.49.195
345,Orland,Ailsbury,oailsbury9k@mac.com,Male,252.217.139.198
346,Giana,Knell,gknell9l@wix.com,Female,171.235.188.46
347,Allissa,Dykins,adykins9m@sakura.ne.jp,Female,158.27.104.251
348,Bearnard,Seally,bseally9n@taobao.com,Non-binary,132.191.137.143
349,Melina,Tibbles,mtibbles9o@gnu.org,Female,192.247.76.23
350,Dominick,Tetla,dtetla9p@jigsy.com,Male,249.54.39.37
351,Caritta,Loddon,cloddon9q@salon.com,Female,38.95.100.95
352,Meg,Duffree,mduffree9r@ning.com,Female,254.117.240.186
353,Kendall,MacAlister,kmacalister9s@phoca.cz,Male,139.96.56.20
354,Katha,Creasy,kcreasy9t@twitter.com,Female,64.244.161.16
355,Isabeau,De Castri,idecastri9u@tuttocitta.it,Genderfluid,74.67.21.94
356,Wyatan,Treasaden,wtreasaden9v@nationalgeographic.com,Male,204.152.12.23
357,Joshuah,Magner,jmagner9w@huffingtonpost.com,Male,132.159.98.185
358,Jennica,Pinckard,jpinckard9x@shinystat.com,Female,78.255.242.175
359,Katusha,Dumini,kdumini9y@zimbio.com,Female,148.21.49.68
360,Garrick,Mocker,gmocker9z@dailymotion.com,Male,149.104.107.115
361,Augusto,Caldero,acalderoa0@indiatimes.com,Male,243.129.202.127
362,Linnie,Hodgets,lhodgetsa1@howstuffworks.com,Female,182.128.179.17
363,Rudolfo,Rowcliffe,rrowcliffea2@123-reg.co.uk,Male,185.212.189.103
364,Dwayne,Gaitley,dgaitleya3@wufoo.com,Male,48.175.253.155
365,Cullen,Dutton,cduttona4@google.com,Male,137.95.224.174
366,Moll,Stalley,mstalleya5@fema.gov,Female,145.133.61.80
367,Peggi,Teasey,pteaseya6@usgs.gov,Female,202.222.247.106
368,Suzette,Brazier,sbraziera7@utexas.edu,Female,158.185.17.72
369,Fran,Waulker,fwaulkera8@biglobe.ne.jp,Male,222.44.107.130
370,Raynard,Younglove,ryounglovea9@nyu.edu,Male,208.240.204.89
371,Bastien,Leftley,bleftleyaa@issuu.com,Male,194.122.23.232
372,Domingo,Huriche,dhuricheab@mtv.com,Non-binary,38.165.196.19
373,Suzie,Barnes,sbarnesac@digg.com,Female,137.26.222.147
374,Sande,Ruddle,sruddlead@archive.org,Female,81.36.141.219
375,Boyce,Poppleston,bpopplestonae@chronoengine.com,Male,216.78.206.149
376,Ransell,Wilmott,rwilmottaf@miitbeian.gov.cn,Male,32.186.205.214
377,Pattie,Lindelof,plindelofag@istockphoto.com,Female,87.53.15.196
378,Arluene,Courtois,acourtoisah@addtoany.com,Female,97.240.91.152
379,Lina,FitzGeorge,lfitzgeorgeai@amazonaws.com,Female,28.101.9.241
380,Eadie,Staunton,estauntonaj@multiply.com,Genderqueer,102.83.16.200
381,Raimundo,Hurren,rhurrenak@creativecommons.org,Male,238.97.230.107
382,Marylinda,Dummett,mdummettal@ehow.com,Bigender,57.100.138.194
383,Tomasine,Kollach,tkollacham@macromedia.com,Female,44.84.192.164
384,Alexio,Parres,aparresan@uiuc.edu,Male,148.192.49.52
385,Paulie,Lindeberg,plindebergao@google.nl,Male,98.86.203.195
386,Dania,Woolard,dwoolardap@acquirethisname.com,Female,52.84.27.176
387,Briggs,Tanguy,btanguyaq@china.com.cn,Male,138.252.77.120
388,Torrin,MacTimpany,tmactimpanyar@wiley.com,Male,192.78.1.99
389,Diane,Pavelin,dpavelinas@apache.org,Female,246.100.137.159
390,Sigismund,Glasspool,sglasspoolat@is.gd,Male,20.4.110.124
391,Berne,Garnam,bgarnamau@com.com,Agender,213.235.34.106
392,Bonita,Firmin,bfirminav@studiopress.com,Female,156.177.204.40
393,Carlos,Deards,cdeardsaw@reverbnation.com,Male,64.193.37.128
394,Bibby,Rimmington,brimmingtonax@smh.com.au,Female,219.170.58.224
395,Fayina,McEntagart,fmcentagartay@hubpages.com,Female,123.30.221.133
396,Mikel,Haistwell,mhaistwellaz@gnu.org,Male,196.227.82.3
397,Waverly,Scyone,wscyoneb0@icq.com,Male,44.78.237.73
398,Helene,Cauldwell,hcauldwellb1@wordpress.com,Female,89.232.48.28
399,Bibbie,Charleston,bcharlestonb2@ow.ly,Female,45.203.55.198
400,Dalli,Beckhurst,dbeckhurstb3@mapquest.com,Male,249.3.152.196
401,Hobey,Brambill,hbrambillb4@hatena.ne.jp,Male,98.207.181.57
402,Caroline,Trengrove,ctrengroveb5@ocn.ne.jp,Female,157.188.221.97
403,Thorndike,Kobierzycki,tkobierzyckib6@oakley.com,Male,164.55.143.227
404,Hailey,Kier,hkierb7@rambler.ru,Male,217.156.138.23
405,Ardelis,Dyshart,adyshartb8@nsw.gov.au,Female,238.5.106.165
406,Mata,Iveson,mivesonb9@census.gov,Male,250.121.106.59
407,Frieda,Dayly,fdaylyba@mlb.com,Female,66.179.53.61
408,Willie,Foort,wfoortbb@tamu.edu,Female,31.159.91.38
409,Mary,Massei,mmasseibc@hatena.ne.jp,Female,36.58.101.153
410,Cookie,Berkley,cberkleybd@ovh.net,Female,60.0.213.212
411,Maximilien,Sapwell,msapwellbe@github.com,Male,41.165.136.20
412,Norris,Gellert,ngellertbf@cam.ac.uk,Male,125.25.135.225
413,Marthena,Scrauniage,mscrauniagebg@g.co,Female,208.119.72.241
414,Yoko,Milam,ymilambh@jiathis.com,Female,140.194.170.226
415,Boot,Walliker,bwallikerbi@soup.io,Male,245.60.130.68
416,Conrado,Lilleman,clillemanbj@usgs.gov,Male,70.101.240.190
417,Sybilla,Bloggett,sbloggettbk@gnu.org,Female,148.69.117.232
418,Sax,Halwell,shalwellbl@imdb.com,Male,225.112.63.1
419,Mercedes,Skedge,mskedgebm@google.fr,Polygender,47.36.166.193
420,Sandor,Ciccotto,sciccottobn@ox.ac.uk,Male,11.104.216.104
421,Pooh,Smallpeice,psmallpeicebo@lycos.com,Non-binary,173.145.181.41
422,Mohammed,Winchurst,mwinchurstbp@baidu.com,Male,120.95.255.82
423,Markos,Weare,mwearebq@amazonaws.com,Male,193.235.41.131
424,Loree,Kivell,lkivellbr@creativecommons.org,Female,15.222.7.154
425,Hodge,Squirrell,hsquirrellbs@soundcloud.com,Male,149.142.143.151
426,Reginauld,McSaul,rmcsaulbt@bravesites.com,Male,60.110.73.63
427,Rosalinde,McKeller,rmckellerbu@sogou.com,Female,121.140.62.100
428,Kirby,Axcell,kaxcellbv@cbslocal.com,Male,70.4.51.203
429,Astra,Kitley,akitleybw@cornell.edu,Female,242.189.240.232
430,Scotty,Lejeune,slejeunebx@ebay.com,Male,133.74.191.226
431,Eustacia,Coady,ecoadyby@usa.gov,Non-binary,3.115.64.32
432,Taylor,Muggleton,tmuggletonbz@barnesandnoble.com,Male,227.72.144.181
433,Nessa,Balnaves,nbalnavesc0@ucla.edu,Female,21.205.134.92
434,Jaimie,Littefair,jlittefairc1@delicious.com,Female,30.246.52.63
435,Stefanie,Fletcher,sfletcherc2@ed.gov,Female,133.131.241.185
436,Dur,Blinco,dblincoc3@wunderground.com,Male,188.195.86.84
437,Garrick,Emloch,gemlochc4@indiegogo.com,Male,15.56.121.19
438,Reginauld,Hawken,rhawkenc5@wired.com,Male,253.72.99.142
439,Barbi,Gillivrie,bgillivriec6@tiny.cc,Female,101.242.77.224
440,Maureen,Keher,mkeherc7@stumbleupon.com,Female,166.175.33.157
441,Herrick,Koppke,hkoppkec8@typepad.com,Male,189.166.165.21
442,Mendel,Sloegrave,msloegravec9@com.com,Male,83.108.130.39
443,Rahel,Heiton,rheitonca@techcrunch.com,Female,106.43.243.217
444,Myer,Climie,mclimiecb@clickbank.net,Male,32.214.197.191
445,Madelina,Dearsley,mdearsleycc@home.pl,Female,105.74.26.169
446,Howard,Kolin,hkolincd@sina.com.cn,Genderqueer,200.123.42.254
447,Barbe,Skedgell,bskedgellce@cocolog-nifty.com,Female,72.81.116.132
448,Archer,Haggerstone,ahaggerstonecf@friendfeed.com,Male,212.58.103.49
449,Raimund,Lamberth,rlamberthcg@weather.com,Male,104.66.22.26
450,Anestassia,Lawie,alawiech@pinterest.com,Female,12.40.23.188
451,Miranda,Blunkett,mblunkettci@hud.gov,Female,32.9.236.85
452,Farr,Garham,fgarhamcj@unblog.fr,Male,23.218.141.235
453,Hildegaard,Amiranda,hamirandack@cpanel.net,Female,68.121.215.236
454,Zaria,Aldgate,zaldgatecl@techcrunch.com,Female,75.134.146.31
455,Locke,Duckering,lduckeringcm@mapy.cz,Male,131.25.60.84
456,Johann,Renehan,jrenehancn@163.com,Male,41.58.236.114
457,Wain,Lexa,wlexaco@about.me,Male,83.115.218.94
458,Kesley,Hayers,khayerscp@angelfire.com,Female,194.239.72.143
459,Tresa,Van Arsdall,tvanarsdallcq@acquirethisname.com,Female,34.123.95.52
460,Farra,Johnston,fjohnstoncr@webeden.co.uk,Female,85.162.26.114
461,Damien,Lawlan,dlawlancs@dion.ne.jp,Male,187.15.191.35
462,Jarvis,Ayllett,jayllettct@163.com,Male,21.115.46.151
463,Hillary,Bettlestone,hbettlestonecu@weebly.com,Female,63.3.80.133
464,Gail,Greenstreet,ggreenstreetcv@jiathis.com,Female,135.247.110.15
465,Deloria,Troy,dtroycw@rakuten.co.jp,Female,222.162.227.111
466,Murvyn,Mars,mmarscx@nationalgeographic.com,Male,42.27.62.183
467,Gaspar,Verlinde,gverlindecy@creativecommons.org,Male,131.23.87.105
468,Frazer,Hannis,fhanniscz@hp.com,Male,65.189.241.22
469,Teodora,Tompion,ttompiond0@prweb.com,Female,34.49.95.232
470,Haven,Wyson,hwysond1@fc2.com,Polygender,212.190.165.174
471,Hagan,Gwinnel,hgwinneld2@oaic.gov.au,Male,249.129.91.85
472,Lorne,Sanders,lsandersd3@google.it,Male,197.14.102.167
473,Aymer,Whitefoot,awhitefootd4@jimdo.com,Male,145.46.133.230
474,Lucille,Vautier,lvautierd5@webeden.co.uk,Female,130.56.247.197
475,Bar,Boleyn,bboleynd6@unblog.fr,Male,92.152.112.199
476,Dall,Viant,dviantd7@ihg.com,Male,177.71.255.110
477,Catharine,Corrie,ccorried8@unicef.org,Female,198.55.200.208
478,Eziechiele,Dewing,edewingd9@dropbox.com,Male,196.43.236.12
479,Dani,Hartnell,dhartnellda@intel.com,Male,29.204.26.72
480,Cobb,Santacrole,csantacroledb@csmonitor.com,Genderqueer,175.104.108.125
481,Kit,Joe,kjoedc@rakuten.co.jp,Female,202.183.188.11
482,Rooney,Lainton,rlaintondd@upenn.edu,Male,76.157.83.243
483,Briant,Amott,bamottde@freewebs.com,Male,64.233.99.219
484,Lainey,Rubert,lrubertdf@mashable.com,Female,221.74.60.123
485,Martie,McArd,mmcarddg@tmall.com,Male,238.107.104.9
486,Kylie,Dictus,kdictusdh@cnet.com,Male,49.211.179.52
487,Cassy,Pischel,cpischeldi@who.int,Female,80.129.139.45
488,Abramo,Desvignes,adesvignesdj@samsung.com,Male,55.122.29.203
489,Dugald,Colkett,dcolkettdk@trellian.com,Male,161.226.208.189
490,Marie,Walker,mwalkerdl@infoseek.co.jp,Female,149.199.218.246
491,Zenia,Hatherleigh,zhatherleighdm@infoseek.co.jp,Female,125.46.49.38
492,Rochelle,Lasseter,rlasseterdn@ezinearticles.com,Female,33.223.19.140
493,Ware,Pikhno,wpikhnodo@simplemachines.org,Male,112.144.206.222
494,Vivie,Dunkerly,vdunkerlydp@nymag.com,Non-binary,201.246.91.188
495,Anthiathia,Kenwell,akenwelldq@timesonline.co.uk,Female,65.105.215.22
496,Kania,Kennifick,kkennifickdr@nifty.com,Polygender,81.179.237.88
497,Sloan,Cominotti,scominottids@technorati.com,Male,26.4.28.104
498,Minette,Camplejohn,mcamplejohndt@tamu.edu,Genderqueer,52.62.228.217
499,Adiana,Whitten,awhittendu@oakley.com,Female,168.179.149.65
500,Lee,Giles,lgilesdv@google.it,Male,42.144.77.171
501,Marris,Silk,msilkdw@globo.com,Female,97.59.230.247
502,Demetria,Hourigan,dhourigandx@unesco.org,Female,200.83.221.135
503,Dani,Cockren,dcockrendy@google.com,Female,227.74.0.21
504,Thayne,Tamblyn,ttamblyndz@intel.com,Male,208.155.9.22
505,Jenna,Dighton,jdightone0@cdc.gov,Female,3.46.28.64
506,Abba,McClounan,amcclounane1@mozilla.com,Polygender,213.248.173.179
507,Danny,Fearns,dfearnse2@oracle.com,Male,187.45.182.156
508,Bernardo,Angelini,bangelinie3@mit.edu,Male,22.207.245.48
509,Obed,Mobbs,omobbse4@google.es,Male,168.243.130.49
510,Denis,Ropartz,dropartze5@feedburner.com,Male,143.127.205.121
511,Orlan,Tunnock,otunnocke6@latimes.com,Male,19.201.54.127
512,Deva,Beresfore,dberesforee7@alibaba.com,Female,208.183.73.19
513,Idaline,Wand,iwande8@slate.com,Female,83.246.195.251
514,Keen,Jesty,kjestye9@diigo.com,Male,201.201.205.184
515,Tansy,Bisgrove,tbisgroveea@surveymonkey.com,Female,205.10.30.82
516,Kris,Downs,kdownseb@omniture.com,Female,22.200.239.94
517,Ilaire,O' Mullan,iomullanec@xing.com,Male,184.39.194.48
518,Tedi,Abson,tabsoned@vkontakte.ru,Female,18.75.39.180
519,Mahalia,Burchill,mburchillee@upenn.edu,Female,10.180.23.129
520,Niles,Qualtrough,nqualtroughef@nifty.com,Male,67.23.97.179
521,Marvin,McAvin,mmcavineg@is.gd,Male,91.130.145.221
522,Ansell,Gallon,agalloneh@angelfire.com,Male,136.163.169.67
523,Bret,Backwell,bbackwellei@state.gov,Male,142.193.36.118
524,Palmer,Lynd,plyndej@yandex.ru,Male,249.49.188.89
525,Janina,Crookall,jcrookallek@ibm.com,Genderfluid,85.98.171.109
526,Ari,Tybalt,atybaltel@icio.us,Male,136.180.105.15
527,Dominic,Curtis,dcurtisem@live.com,Male,255.136.141.172
528,Alwyn,Woodall,awoodallen@unicef.org,Male,88.101.61.22
529,Saree,Lavrick,slavrickeo@google.co.uk,Female,53.224.45.90
530,Isaiah,Blowing,iblowingep@reverbnation.com,Male,4.228.247.224
531,Alexio,Voysey,avoyseyeq@youku.com,Male,202.149.117.134
532,Margo,Owen,mowener@wunderground.com,Female,12.88.225.148
533,Gasper,Pattenden,gpattendenes@scientificamerican.com,Male,17.128.88.84
534,Myrah,Sackur,msackuret@army.mil,Female,221.219.121.144
535,Carolan,Halladay,challadayeu@narod.ru,Female,105.14.103.8
536,Belvia,Konke,bkonkeev@java.com,Female,208.67.34.157
537,Vinnie,Wiltsher,vwiltsherew@storify.com,Female,120.156.204.209
538,Rees,Leere,rleereex@nature.com,Male,159.221.2.88
539,Babb,Daffern,bdafferney@creativecommons.org,Female,149.109.104.246
540,Victoir,Drewett,vdrewettez@mashable.com,Male,89.225.52.36
541,Forester,Spridgeon,fspridgeonf0@macromedia.com,Male,81.137.201.235
542,Cam,Furnival,cfurnivalf1@desdev.cn,Male,211.200.43.215
543,Rachele,Dell,rdellf2@intel.com,Female,189.111.115.73
544,Rosabel,Leehane,rleehanef3@sbwire.com,Female,70.130.86.233
545,Anya,Seywood,aseywoodf4@artisteer.com,Female,189.219.97.239
546,Aleta,Stother,astotherf5@yolasite.com,Female,21.130.77.201
547,Currie,Ortiga,cortigaf6@deviantart.com,Male,69.121.59.157
548,Dalston,O'Criane,docrianef7@multiply.com,Male,112.77.187.26
549,Caleb,Barrell,cbarrellf8@buzzfeed.com,Male,143.107.214.141
550,Farris,Chicchetto,fchicchettof9@boston.com,Male,206.19.58.31
551,Fax,Hallwell,fhallwellfa@cbsnews.com,Male,46.163.96.222
552,Raimondo,Kuschke,rkuschkefb@youku.com,Male,222.227.73.143
553,Sherwin,Coggen,scoggenfc@nba.com,Male,216.74.179.95
554,Rickert,Beringer,rberingerfd@wired.com,Male,134.206.194.84
555,Christi,Schoenleiter,cschoenleiterfe@amazon.de,Female,121.30.92.60
556,Grange,Deeney,gdeeneyff@jimdo.com,Male,242.60.189.81
557,Rhodia,Malins,rmalinsfg@aol.com,Female,162.45.236.0
558,Ronni,Dougill,rdougillfh@feedburner.com,Agender,26.114.231.167
559,Mirna,Spain-Gower,mspaingowerfi@bloglines.com,Female,239.133.209.90
560,Brodie,Oolahan,boolahanfj@dyndns.org,Male,48.86.138.217
561,Shannen,Baccup,sbaccupfk@hexun.com,Female,75.167.22.47
562,Timi,Jaulmes,tjaulmesfl@canalblog.com,Female,185.105.194.146
563,Dorella,Gilleon,dgilleonfm@home.pl,Female,62.53.34.187
564,Suzy,Satchell,ssatchellfn@fc2.com,Female,18.109.238.193
565,Frank,Brian,fbrianfo@illinois.edu,Female,149.228.252.12
566,Ivett,Maharg,imahargfp@adobe.com,Genderfluid,55.164.252.141
567,Gil,Spiby,gspibyfq@npr.org,Male,147.38.6.34
568,Tabor,Armfield,tarmfieldfr@newsvine.com,Male,164.25.107.164
569,Melina,Hathaway,mhathawayfs@4shared.com,Female,157.70.40.119
570,Serge,Pointing,spointingft@deliciousdays.com,Male,179.142.137.191
571,Giordano,Alvaro,galvarofu@google.it,Male,97.8.183.243
572,Curt,Mordon,cmordonfv@canalblog.com,Male,123.93.250.112
573,Charissa,Langmuir,clangmuirfw@wikipedia.org,Female,159.38.184.68
574,Harmonie,Frickey,hfrickeyfx@ox.ac.uk,Female,7.153.149.235
575,Raychel,Davall,rdavallfy@seesaa.net,Female,167.98.74.236
576,Griffith,Corain,gcorainfz@gizmodo.com,Male,111.210.195.8
577,Antone,Delnevo,adelnevog0@ezinearticles.com,Male,22.107.105.232
578,Fraser,Lindroos,flindroosg1@foxnews.com,Male,180.229.98.18
579,Lory,Roast,lroastg2@mtv.com,Female,86.141.37.247
580,Fleurette,O'Mullaney,fomullaneyg3@multiply.com,Non-binary,84.153.182.11
581,Bay,Mellmoth,bmellmothg4@sciencedaily.com,Male,204.234.186.39
582,Gaby,Woolis,gwoolisg5@cbc.ca,Male,55.159.102.108
583,Corissa,Tree,ctreeg6@linkedin.com,Female,76.249.36.21
584,Carmel,Aire,caireg7@hubpages.com,Female,17.179.200.23
585,Fenelia,Goldine,fgoldineg8@hubpages.com,Female,89.209.164.88
586,Hercules,Fantham,hfanthamg9@simplemachines.org,Male,45.25.175.219
587,Leslie,Banbury,lbanburyga@wisc.edu,Genderqueer,25.186.171.63
588,Stephani,Hacaud,shacaudgb@wordpress.org,Agender,171.152.139.226
589,William,Yurchishin,wyurchishingc@icq.com,Male,119.109.78.195
590,Sauncho,Toxell,stoxellgd@weather.com,Male,170.209.143.33
591,Jimmy,Longhurst,jlonghurstge@statcounter.com,Male,242.165.229.112
592,Nathanial,Semeniuk,nsemeniukgf@jugem.jp,Male,113.188.52.17
593,Angel,Jeays,ajeaysgg@jiathis.com,Male,107.245.211.93
594,Bentley,Galilee,bgalileegh@technorati.com,Bigender,242.208.244.246
595,Suzie,Elph,selphgi@youtu.be,Female,141.27.106.52
596,Wanids,Witherbed,wwitherbedgj@icq.com,Female,21.233.30.68
597,Jo-anne,Yesipov,jyesipovgk@arstechnica.com,Female,253.19.121.129
598,Jacques,Paolacci,jpaolaccigl@flickr.com,Genderfluid,93.240.27.88
599,Mirna,Woolatt,mwoolattgm@earthlink.net,Female,254.139.60.152
600,Hyatt,Bonnell,hbonnellgn@gnu.org,Male,243.141.145.225
601,Giselbert,Braime,gbraimego@ihg.com,Male,173.174.86.219
602,Dolf,Bilbrooke,dbilbrookegp@wp.com,Male,221.20.29.218
603,Saul,Hacun,shacungq@zdnet.com,Polygender,166.83.109.162
604,Delaney,Yakovlev,dyakovlevgr@webmd.com,Male,119.124.227.143
605,Constantino,Giacobillo,cgiacobillogs@github.io,Male,150.190.80.239
606,Akim,Blazej,ablazejgt@slideshare.net,Male,201.243.54.180
607,Justus,Chastang,jchastanggu@booking.com,Male,85.204.82.179
608,Toni,Wyley,twyleygv@wikia.com,Female,211.126.170.142
609,Eddy,Aitkenhead,eaitkenheadgw@amazon.com,Agender,211.190.241.37
610,Denver,Averies,daveriesgx@amazon.com,Male,228.17.175.123
611,Harry,Cubley,hcubleygy@forbes.com,Male,94.33.15.5
612,Lidia,Karolovsky,lkarolovskygz@i2i.jp,Genderfluid,99.195.199.194
613,Dukie,Breache,dbreacheh0@accuweather.com,Polygender,157.48.140.242
614,Viviene,Doodson,vdoodsonh1@bing.com,Female,106.36.79.123
615,Felizio,Chimes,fchimesh2@bandcamp.com,Genderqueer,207.213.173.248
616,Luciana,Rossant,lrossanth3@mediafire.com,Female,192.22.197.177
617,Corey,Kilroy,ckilroyh4@netscape.com,Male,126.239.0.57
618,Hortense,Matonin,hmatoninh5@barnesandnoble.com,Female,192.133.83.140
619,Davida,De Nisco,ddeniscoh6@livejournal.com,Female,250.149.147.70
620,Merline,Corrison,mcorrisonh7@purevolume.com,Female,62.237.135.235
621,Theodora,Shemmans,tshemmansh8@google.com.hk,Female,193.76.211.59
622,Peria,Crouse,pcrouseh9@earthlink.net,Female,206.78.65.230
623,Selinda,Littrell,slittrellha@yellowpages.com,Female,231.143.24.94
624,Carie,Lovegrove,clovegrovehb@freewebs.com,Female,157.17.245.216
625,Jannel,Forsaith,jforsaithhc@go.com,Female,214.192.208.81
626,Torin,Mitrikhin,tmitrikhinhd@mapy.cz,Male,213.160.215.166
627,Valli,Meegan,vmeeganhe@yelp.com,Female,141.69.111.132
628,Elisha,Cubbinelli,ecubbinellihf@auda.org.au,Male,35.202.8.225
629,Jeanie,Sargeant,jsargeanthg@seattletimes.com,Female,82.152.166.253
630,Torin,Careless,tcarelesshh@smh.com.au,Male,209.1.186.62
631,Kiel,Crossland,kcrosslandhi@dell.com,Male,170.111.23.0
632,Barty,Derrick,bderrickhj@google.com.au,Male,209.71.65.59
633,Arte,Crusham,acrushamhk@surveymonkey.com,Male,30.34.237.131
634,Sheba,Tomaszynski,stomaszynskihl@weather.com,Female,210.156.241.210
635,Doralyn,Caltera,dcalterahm@blogtalkradio.com,Female,223.195.217.84
636,Ingemar,Newiss,inewisshn@usnews.com,Male,65.109.144.93
637,Padget,Forbear,pforbearho@g.co,Male,79.130.74.215
638,Yuri,Woodes,ywoodeshp@engadget.com,Male,9.14.238.140
639,Morgana,Maple,mmaplehq@tinyurl.com,Female,5.230.211.245
640,Eran,Duplain,eduplainhr@sitemeter.com,Female,162.150.43.125
641,Lonni,Chillistone,lchillistonehs@de.vu,Female,43.5.5.254
642,Penelope,Cardenoso,pcardenosoht@reuters.com,Female,198.32.85.6
643,Creight,Nand,cnandhu@chron.com,Genderfluid,111.114.160.102
644,Lydie,Vaux,lvauxhv@ehow.com,Female,20.97.190.140
645,Brietta,Assante,bassantehw@yandex.ru,Female,11.54.192.220
646,John,Aburrow,jaburrowhx@blinklist.com,Male,216.184.103.51
647,Margaret,Kensit,mkensithy@blog.com,Female,197.247.27.26
648,Eal,Lages,elageshz@github.com,Male,242.175.194.132
649,Juana,Pendrill,jpendrilli0@google.pl,Female,6.6.91.186
650,Ginevra,Foyston,gfoystoni1@soup.io,Female,242.36.118.58
651,Tanner,Fealy,tfealyi2@topsy.com,Male,66.21.136.132
652,Conchita,Toderi,ctoderii3@furl.net,Female,57.44.163.48
653,Phaedra,Bagwell,pbagwelli4@comcast.net,Female,179.44.89.16
654,Marcello,Baptiste,mbaptistei5@tumblr.com,Male,150.146.202.200
655,Hube,Geroldi,hgeroldii6@noaa.gov,Non-binary,178.31.144.182
656,Tedra,Shepheard,tshepheardi7@vinaora.com,Bigender,33.116.63.62
657,Ruthann,Penkman,rpenkmani8@smh.com.au,Female,114.32.178.144
658,Elana,Wayt,ewayti9@1688.com,Female,211.196.147.173
659,Curr,Padly,cpadlyia@youtu.be,Male,153.141.227.27
660,Jodi,Hens,jhensib@ucla.edu,Female,181.120.133.197
661,Lenard,Oliveti,lolivetiic@topsy.com,Male,174.11.51.97
662,Addy,Mapstone,amapstoneid@miibeian.gov.cn,Male,30.205.235.235
663,Federico,Zecchii,fzecchiiie@nhs.uk,Male,70.92.190.182
664,Leo,Gilbane,lgilbaneif@zdnet.com,Male,86.244.212.232
665,Cass,Saffin,csaffinig@php.net,Male,49.140.216.32
666,Radcliffe,Shugg,rshuggih@alexa.com,Male,185.115.86.97
667,Avigdor,Marchant,amarchantii@blogtalkradio.com,Male,139.13.149.165
668,Vivi,Fitzgerald,vfitzgeraldij@cornell.edu,Female,219.177.99.216
669,Shela,Rann,srannik@google.cn,Female,225.43.185.59
670,Ryon,Danneil,rdanneilil@sogou.com,Male,173.245.126.233
671,Kristyn,Olivie,kolivieim@ucoz.com,Female,157.131.144.109
672,Dasya,Hagland,dhaglandin@theguardian.com,Female,23.64.4.141
673,Harriot,Marriot,hmarriotio@de.vu,Female,135.56.191.221
674,Vinny,Leathard,vleathardip@woothemes.com,Female,98.21.209.89
675,Errick,Gyrgorcewicx,egyrgorcewicxiq@biblegateway.com,Male,117.126.62.95
676,Revkah,McCurrie,rmccurrieir@hubpages.com,Agender,217.219.71.117
677,Gigi,O'Donovan,godonovanis@fda.gov,Female,184.151.235.128
678,Harlene,Menichillo,hmenichilloit@w3.org,Female,222.131.158.160
679,Cherie,Mansion,cmansioniu@usda.gov,Female,97.244.119.36
680,Bonnibelle,Leyban,bleybaniv@amazon.de,Female,202.13.56.113
681,Emeline,Dismore,edismoreiw@who.int,Female,123.124.36.242
682,Deloris,Moore,dmooreix@w3.org,Female,22.215.186.10
683,Glynis,Aguirre,gaguirreiy@harvard.edu,Female,55.189.217.127
684,Caria,Ridolfi,cridolfiiz@msn.com,Female,190.40.159.243
685,Ursa,Warden,uwardenj0@indiatimes.com,Bigender,158.203.61.34
686,Sunshine,Cavee,scaveej1@ucoz.ru,Female,119.158.184.133
687,Garnet,Peinton,gpeintonj2@plala.or.jp,Female,129.223.157.156
688,Adelaida,Gerault,ageraultj3@sbwire.com,Female,148.137.225.38
689,Daisie,Stains,dstainsj4@ted.com,Female,123.209.213.234
690,Kalvin,Leece,kleecej5@samsung.com,Male,15.9.184.63
691,Morie,Shiel,mshielj6@fastcompany.com,Male,190.212.122.47
692,Dorri,Caneo,dcaneoj7@prweb.com,Female,213.80.69.201
693,Marchall,Caban,mcabanj8@last.fm,Male,229.111.39.166
694,Alyse,Walne,awalnej9@google.ca,Female,166.37.161.116
695,Trixi,Wragg,twraggja@amazon.co.uk,Female,148.156.111.50
696,Bendite,Palfrey,bpalfreyjb@ucoz.ru,Female,133.113.101.140
697,Sherri,Jeary,sjearyjc@wikia.com,Female,39.57.88.80
698,Herman,Mapham,hmaphamjd@alibaba.com,Male,126.80.133.70
699,Corina,Rushbrooke,crushbrookeje@hubpages.com,Female,111.183.253.185
700,Englebert,Lortzing,elortzingjf@comsenz.com,Male,69.187.115.183
701,Elly,MacMenemy,emacmenemyjg@cnet.com,Female,137.82.248.21
702,Hy,Postlewhite,hpostlewhitejh@taobao.com,Male,167.42.182.126
703,Marcel,Friar,mfriarji@histats.com,Male,178.202.251.201
704,Barbe,Cerie,bceriejj@fda.gov,Female,188.62.46.41
705,Gnni,Ould,gouldjk@google.ca,Female,20.217.127.107
706,Lilith,Olivet,lolivetjl@ftc.gov,Female,249.247.148.76
707,Thurstan,Deetlefs,tdeetlefsjm@whitehouse.gov,Male,169.50.131.142
708,Ashli,Bagott,abagottjn@amazon.de,Female,171.131.81.244
709,Lynnelle,Gundry,lgundryjo@youtu.be,Female,45.234.254.113
710,Kelsi,Aykroyd,kaykroydjp@amazon.com,Female,159.51.243.141
711,Blisse,Prozillo,bprozillojq@histats.com,Female,107.100.10.207
712,Minnie,Legonidec,mlegonidecjr@goodreads.com,Female,49.63.90.183
713,Yorker,Davoren,ydavorenjs@example.com,Male,231.57.61.147
714,Fergus,Gapper,fgapperjt@paypal.com,Genderqueer,199.103.208.60
715,Elvin,Hurn,ehurnju@ibm.com,Male,21.196.252.19
716,Tabbi,Kapelhoff,tkapelhoffjv@google.cn,Female,149.40.0.244
717,Chaim,Clarey,cclareyjw@discuz.net,Male,64.35.50.171
718,Donaugh,Sheerin,dsheerinjx@free.fr,Male,62.207.84.110
719,Aleda,Ughi,aughijy@huffingtonpost.com,Female,83.31.94.196
720,Saunders,Faber,sfaberjz@geocities.com,Male,234.96.84.39
721,Warren,Houseman,whousemank0@spotify.com,Male,62.63.125.203
722,Dalston,Wisham,dwishamk1@psu.edu,Male,80.178.117.86
723,Harwilll,Nisen,hnisenk2@sfgate.com,Male,161.208.119.103
724,Viviene,Copin,vcopink3@amazon.co.uk,Female,96.37.44.41
725,Correy,Oene,coenek4@hibu.com,Female,18.152.16.15
726,Willette,Wilmott,wwilmottk5@ebay.co.uk,Female,210.9.101.111
727,Horten,O' Mahony,homahonyk6@mlb.com,Male,249.123.65.84
728,Corrie,Dubique,cdubiquek7@princeton.edu,Male,172.141.45.154
729,Emmet,McGilleghole,emcgillegholek8@scribd.com,Genderfluid,159.128.217.82
730,Correy,Spoors,cspoorsk9@blogs.com,Male,137.238.38.107
731,Silvia,McGahern,smcgahernka@sphinn.com,Female,235.167.233.119
732,Griffy,Shaul,gshaulkb@fotki.com,Male,28.152.127.41
733,Arlee,Forshaw,aforshawkc@multiply.com,Female,169.199.173.209
734,Giff,Drable,gdrablekd@chronoengine.com,Male,71.55.175.245
735,Ozzie,Treacy,otreacyke@fastcompany.com,Male,186.230.195.194
736,Ashla,Erett,aerettkf@java.com,Female,148.96.130.70
737,Gerek,Gaynes,ggayneskg@free.fr,Male,0.153.227.110
738,Town,Kobierzycki,tkobierzyckikh@noaa.gov,Male,126.161.138.79
739,Avivah,Yendall,ayendallki@google.de,Female,4.48.20.42
740,Vivie,Balaam,vbalaamkj@deviantart.com,Genderfluid,205.166.53.110
741,Jobina,Sharvell,jsharvellkk@behance.net,Female,224.27.28.203
742,Riordan,Paddison,rpaddisonkl@yelp.com,Male,255.206.48.42
743,Ianthe,Conen,iconenkm@i2i.jp,Female,90.242.70.99
744,Orson,Malcolmson,omalcolmsonkn@chronoengine.com,Male,96.56.192.8
745,Henka,Becken,hbeckenko@uiuc.edu,Female,211.162.247.13
746,Antone,Scough,ascoughkp@dropbox.com,Male,218.94.173.78
747,Maure,Di Franceshci,mdifranceshcikq@dropbox.com,Female,164.43.150.229
748,Bambi,Van de Castele,bvandecastelekr@cyberchimps.com,Female,114.85.217.183
749,Pernell,Turneux,pturneuxks@canalblog.com,Male,198.86.165.89
750,Rich,Cluelow,rcluelowkt@google.nl,Male,182.22.179.15
751,Brade,Alvaro,balvaroku@nyu.edu,Male,255.21.70.51
752,Audy,Tyreman,atyremankv@deliciousdays.com,Female,67.228.157.20
753,Ronald,Parsonson,rparsonsonkw@time.com,Male,237.185.183.41
754,Traver,Coumbe,tcoumbekx@arizona.edu,Polygender,105.220.125.30
755,Fanchon,Edinburough,fedinburoughky@bbb.org,Female,24.253.175.200
756,Ogden,Birdwhistell,obirdwhistellkz@tripadvisor.com,Male,253.45.21.132
757,Catherina,Lochrie,clochriel0@google.es,Female,171.143.147.106
758,Gwendolen,Escoffier,gescoffierl1@chronoengine.com,Female,101.49.9.203
759,Neils,Stuckford,nstuckfordl2@networkadvertising.org,Male,202.152.100.101
760,Rodney,Briamo,rbriamol3@hubpages.com,Male,151.115.170.19
761,Deane,Knudsen,dknudsenl4@google.co.uk,Male,16.186.174.178
762,Marten,Austin,maustinl5@plala.or.jp,Male,235.209.202.229
763,Alla,Hesey,aheseyl6@google.com,Female,94.120.70.13
764,Shirl,Nashe,snashel7@bravesites.com,Female,255.135.84.241
765,Arron,Oluwatoyin,aoluwatoyinl8@weather.com,Male,42.1.240.247
766,Kaleena,Bresson,kbressonl9@sbwire.com,Female,68.47.210.83
767,Bentley,Balnaves,bbalnavesla@goo.gl,Male,117.217.174.89
768,Sharia,Kirrage,skirragelb@sciencedaily.com,Female,51.22.231.73
769,Lemmy,Skaife,lskaifelc@e-recht24.de,Polygender,147.204.70.150
770,Jacynth,Luchetti,jluchettild@ning.com,Non-binary,120.185.152.7
771,Rosanne,Rutley,rrutleyle@accuweather.com,Female,209.153.122.55
772,Welby,Edinburough,wedinburoughlf@imgur.com,Male,76.74.143.111
773,Nester,Warr,nwarrlg@engadget.com,Male,35.107.191.83
774,Terencio,Traylen,ttraylenlh@arstechnica.com,Male,173.54.155.136
775,Guinevere,Mountney,gmountneyli@shop-pro.jp,Female,131.153.72.240
776,Reube,McLanaghan,rmclanaghanlj@cargocollective.com,Male,0.105.46.169
777,Emerson,Briddock,ebriddocklk@furl.net,Male,138.2.62.10
778,Sileas,Provest,sprovestll@baidu.com,Bigender,138.232.147.233
779,Seana,Ioselev,sioselevlm@shop-pro.jp,Female,146.182.106.28
780,Thedric,Soppit,tsoppitln@purevolume.com,Male,0.198.13.243
781,Lanny,MacIver,lmaciverlo@dailymail.co.uk,Male,205.26.244.145
782,Armstrong,MacTrustie,amactrustielp@studiopress.com,Male,84.69.140.136
783,Norbie,Hillock,nhillocklq@google.fr,Male,84.94.144.81
784,Leoline,Meneely,lmeneelylr@hhs.gov,Female,140.9.182.205
785,Rodney,MacPhail,rmacphaills@comcast.net,Male,168.219.35.187
786,Inglebert,Scamp,iscamplt@google.ca,Male,213.25.166.202
787,Daren,O'Murtagh,domurtaghlu@example.com,Male,183.221.46.113
788,Jere,Kirtland,jkirtlandlv@icio.us,Male,56.255.227.192
789,Bayard,Jepson,bjepsonlw@stumbleupon.com,Genderfluid,247.140.252.118
790,Sibley,Moulding,smouldinglx@intel.com,Female,254.8.69.15
791,Felizio,Madgwick,fmadgwickly@ezinearticles.com,Male,230.140.35.14
792,Lil,Spering,lsperinglz@dropbox.com,Female,246.174.78.158
793,Vikky,MacKay,vmackaym0@exblog.jp,Female,51.30.206.95
794,Hadley,Barlee,hbarleem1@thetimes.co.uk,Male,235.247.120.94
795,Ruthi,Binner,rbinnerm2@oakley.com,Female,62.54.238.43
796,Nicolas,Goakes,ngoakesm3@webs.com,Male,55.240.162.105
797,Aurthur,Book,abookm4@china.com.cn,Male,211.232.239.105
798,Bobette,Byrd,bbyrdm5@timesonline.co.uk,Female,245.112.103.71
799,Sonny,Hessing,shessingm6@who.int,Male,172.100.24.175
800,Neil,Durbann,ndurbannm7@bluehost.com,Bigender,192.168.110.28
801,Lise,Henriksson,lhenrikssonm8@squidoo.com,Female,56.136.254.64
802,Clemmie,Wardhaugh,cwardhaughm9@wp.com,Male,68.7.113.242
803,Arlie,Hew,ahewma@hatena.ne.jp,Female,38.190.61.97
804,Doralin,Findon,dfindonmb@cdc.gov,Female,177.150.45.115
805,Gunter,Aindrais,gaindraismc@barnesandnoble.com,Male,91.168.225.71
806,Sibella,Leefe,sleefemd@washington.edu,Female,186.9.219.97
807,Ashbey,Barracks,abarracksme@thetimes.co.uk,Male,5.116.51.209
808,Holly,Allibone,hallibonemf@furl.net,Male,211.172.112.39
809,Claudian,Gildersleeve,cgildersleevemg@google.it,Male,88.77.181.203
810,Porter,Pietrowicz,ppietrowiczmh@fotki.com,Male,213.7.10.65
811,Kalil,O' Mara,komarami@ox.ac.uk,Male,217.70.190.30
812,Morganne,Stripling,mstriplingmj@columbia.edu,Female,138.227.165.93
813,Romona,Ham,rhammk@eventbrite.com,Female,204.112.201.112
814,Cheston,Kellar,ckellarml@naver.com,Male,210.65.147.199
815,Fidelio,Borrow,fborrowmm@google.com,Male,49.246.63.225
816,Fritz,Fretter,ffrettermn@ehow.com,Male,56.50.137.156
817,Renaud,Trimby,rtrimbymo@xrea.com,Non-binary,121.229.65.99
818,Emiline,Bidder,ebiddermp@biblegateway.com,Female,116.255.59.166
819,Cull,Helbeck,chelbeckmq@gov.uk,Male,248.89.240.63
820,Warden,Dureden,wduredenmr@telegraph.co.uk,Male,86.134.99.50
821,Randolf,Girauld,rgirauldms@slate.com,Male,63.113.11.239
822,Adelina,Bilsford,abilsfordmt@rediff.com,Female,14.228.19.119
823,Riley,Mallia,rmalliamu@tinypic.com,Polygender,30.154.44.147
824,Andie,Yitshak,ayitshakmv@hao123.com,Male,147.131.61.175
825,Margarita,Shellsheere,mshellsheeremw@yelp.com,Genderqueer,125.87.200.254
826,Timothee,Maryan,tmaryanmx@imgur.com,Male,58.219.20.106
827,Venita,Fenck,vfenckmy@nyu.edu,Female,62.219.220.56
828,Seumas,Aubery,sauberymz@reddit.com,Male,40.69.159.130
829,Lucias,Harome,lharomen0@goodreads.com,Male,26.186.53.236
830,Stafani,Scroggins,sscrogginsn1@ed.gov,Female,58.46.26.233
831,Anya,Vinecombe,avinecomben2@nydailynews.com,Female,253.130.26.210
832,Humberto,Yegorkin,hyegorkinn3@edublogs.org,Genderqueer,173.182.100.4
833,Taber,Overington,toveringtonn4@sina.com.cn,Male,226.67.205.103
834,Antin,Morfield,amorfieldn5@dot.gov,Male,224.171.61.82
835,Tansy,Screen,tscreenn6@wsj.com,Female,196.8.211.235
836,Bernetta,Nesbitt,bnesbittn7@imdb.com,Female,130.73.57.243
837,Celestia,Brelsford,cbrelsfordn8@examiner.com,Non-binary,177.214.2.216
838,Lyndsie,Beney,lbeneyn9@jimdo.com,Female,35.175.132.78
839,Rickert,Coning,rconingna@yolasite.com,Polygender,187.226.102.188
840,Rodd,Boseley,rboseleynb@uol.com.br,Male,73.218.182.228
841,Bowie,Diloway,bdilowaync@scientificamerican.com,Male,116.164.64.8
842,Crissy,Lysons,clysonsnd@tumblr.com,Female,132.25.252.73
843,Kalle,Fairman,kfairmanne@blogs.com,Male,228.23.49.224
844,Darell,Divis,ddivisnf@webs.com,Female,24.191.94.37
845,Nert,Surgison,nsurgisonng@wp.com,Female,77.88.5.193
846,Elwira,O'Dulchonta,eodulchontanh@ning.com,Female,41.5.3.177
847,Mannie,Brigham,mbrighamni@gmpg.org,Male,20.239.148.46
848,Siobhan,Hefferan,shefferannj@google.ru,Non-binary,178.30.116.202
849,Bartholomew,Gullifant,bgullifantnk@digg.com,Male,26.196.253.242
850,Tadeo,Texton,ttextonnl@lulu.com,Male,15.230.229.149
851,Lonee,Eassom,leassomnm@omniture.com,Female,134.239.30.246
852,Frank,Salack,fsalacknn@mit.edu,Female,138.46.21.184
853,Halimeda,Klawi,hklawino@trellian.com,Female,102.179.47.76
854,Myles,Garwood,mgarwoodnp@home.pl,Male,70.129.16.58
855,Krishnah,Leynham,kleynhamnq@dell.com,Male,74.59.182.74
856,Gian,Rey,greynr@usda.gov,Male,247.205.111.151
857,Cobb,Peeke,cpeekens@accuweather.com,Male,241.147.92.69
858,Clement,Vasyutochkin,cvasyutochkinnt@globo.com,Male,210.219.249.112
859,Harper,Bortoli,hbortolinu@sitemeter.com,Male,130.21.93.135
860,Sumner,Baumford,sbaumfordnv@hao123.com,Male,40.17.67.111
861,Avrit,Trevains,atrevainsnw@scribd.com,Female,31.212.105.150
862,Sheffy,Leguey,slegueynx@jalbum.net,Male,233.220.148.190
863,Andy,Folan,afolanny@google.com.br,Male,57.79.143.21
864,Christiana,McAmish,cmcamishnz@blogs.com,Female,178.191.207.140
865,Jenilee,Wurz,jwurzo0@cyberchimps.com,Female,191.114.159.213
866,Suzy,Gregg,sgreggo1@usa.gov,Female,187.158.8.86
867,Dennison,Guildford,dguildfordo2@tumblr.com,Male,234.252.197.52
868,Kristoffer,Tupie,ktupieo3@cdbaby.com,Male,164.211.88.229
869,Jolyn,Hark,jharko4@gmpg.org,Female,140.69.143.46
870,Kara-lynn,Baudinelli,kbaudinellio5@woothemes.com,Female,212.187.187.0
871,Durante,Dewhurst,ddewhursto6@is.gd,Male,21.128.160.71
872,Hedy,Barwell,hbarwello7@reuters.com,Female,158.34.112.32
873,Terrell,Clegg,tcleggo8@google.com.br,Male,186.73.234.152
874,Charmine,Cleaton,ccleatono9@live.com,Female,73.89.0.179
875,Jennette,Doxey,jdoxeyoa@amazon.co.uk,Female,247.16.88.33
876,Nahum,Swaysland,nswayslandob@paginegialle.it,Male,181.211.31.117
877,Oriana,Coda,ocodaoc@thetimes.co.uk,Female,25.177.53.236
878,Royall,McNeil,rmcneilod@eventbrite.com,Male,93.194.76.73
879,Russ,Becom,rbecomoe@jigsy.com,Male,25.49.161.238
880,Bonnibelle,Bartolijn,bbartolijnof@ameblo.jp,Agender,83.165.114.41
881,Fraser,Maxweell,fmaxweellog@youtube.com,Non-binary,69.12.237.34
882,Nicolai,BoHlingolsen,nbohlingolsenoh@reverbnation.com,Agender,27.82.145.123
883,Gaven,Clurow,gclurowoi@drupal.org,Male,185.250.83.7
884,Yardley,Jerratsch,yjerratschoj@addtoany.com,Male,142.192.23.184
885,Modestia,Czyz,mczyzok@craigslist.org,Female,128.233.111.168
886,Giavani,Brandes,gbrandesol@trellian.com,Male,177.33.192.193
887,Neala,Downer,ndownerom@soundcloud.com,Female,254.12.16.158
888,Reginald,Crilly,rcrillyon@hao123.com,Male,175.198.110.198
889,Alysa,Eivers,aeiversoo@google.com.hk,Female,38.110.233.115
890,Roze,Birrane,rbirraneop@amazon.co.uk,Female,162.40.198.198
891,Conrade,Blesdill,cblesdilloq@nih.gov,Polygender,147.95.114.242
892,Mireille,Gehricke,mgehrickeor@cocolog-nifty.com,Female,43.188.54.30
893,Tandy,Kyston,tkystonos@bandcamp.com,Female,242.54.51.109
894,Abigael,Stean,asteanot@is.gd,Female,111.99.111.214
895,Moina,Meininger,mmeiningerou@sphinn.com,Female,63.162.88.81
896,Babs,Pfeuffer,bpfeufferov@drupal.org,Female,225.100.92.68
897,Alli,Geraudy,ageraudyow@hhs.gov,Female,37.27.79.33
898,Wilfrid,Archbell,warchbellox@xing.com,Male,20.130.251.151
899,Idalia,Burdis,iburdisoy@tripadvisor.com,Female,67.61.236.254
900,Ileana,Roswarn,iroswarnoz@cnbc.com,Female,137.107.9.85
901,Mano,Culter,mculterp0@xing.com,Male,8.136.125.36
902,Allis,Bamford,abamfordp1@bluehost.com,Female,74.183.249.71
903,Teresita,Cliff,tcliffp2@dot.gov,Female,241.92.109.146
904,Demetri,Humphrys,dhumphrysp3@amazon.com,Male,24.122.12.97
905,Annnora,Peller,apellerp4@irs.gov,Female,186.19.114.134
906,Aristotle,McQuarrie,amcquarriep5@buzzfeed.com,Male,176.36.207.151
907,Gianni,Caesar,gcaesarp6@squarespace.com,Male,133.152.10.26
908,Dalt,Yukhnev,dyukhnevp7@bloglovin.com,Male,117.241.212.196
909,Bennie,Best,bbestp8@howstuffworks.com,Male,216.164.11.142
910,Killy,Leckenby,kleckenbyp9@e-recht24.de,Male,66.209.165.251
911,Will,Collumbell,wcollumbellpa@techcrunch.com,Male,10.212.133.129
912,Helge,Didball,hdidballpb@xing.com,Female,253.222.82.35
913,Sheff,Wyon,swyonpc@accuweather.com,Male,214.66.196.246
914,Torry,Weedenburg,tweedenburgpd@unicef.org,Male,154.222.102.111
915,Dulci,Benko,dbenkope@wiley.com,Female,165.225.74.188
916,Ninnetta,Maffiotti,nmaffiottipf@example.com,Agender,72.183.205.25
917,Tammara,Fettis,tfettispg@huffingtonpost.com,Polygender,206.222.118.40
918,Judie,Rochell,jrochellph@sfgate.com,Female,223.56.105.227
919,Barnie,Toppas,btoppaspi@unicef.org,Male,210.13.127.243
920,Charita,Ianitti,cianittipj@godaddy.com,Female,169.121.252.46
921,Joycelin,Fullwood,jfullwoodpk@wp.com,Female,239.68.113.219
922,Rees,Issard,rissardpl@altervista.org,Male,110.197.91.158
923,Everett,Goold,egooldpm@goo.gl,Male,128.61.111.189
924,Gale,Hodgets,ghodgetspn@state.gov,Female,9.13.199.113
925,Chase,Domsalla,cdomsallapo@sourceforge.net,Bigender,26.234.29.148
926,Nestor,Kingshott,nkingshottpp@hud.gov,Genderfluid,78.40.88.160
927,Sigismundo,Kearney,skearneypq@comcast.net,Agender,33.22.211.38
928,Carena,Lissett,clissettpr@netlog.com,Female,217.235.96.149
929,Derk,Bullingham,dbullinghamps@wired.com,Male,99.240.134.237
930,Tabor,Fisher,tfisherpt@bluehost.com,Male,28.81.79.0
931,Jobyna,O'Connor,joconnorpu@walmart.com,Female,47.86.82.159
932,Leticia,Coyne,lcoynepv@godaddy.com,Female,92.86.66.79
933,Jeromy,Manlow,jmanlowpw@pbs.org,Male,166.51.35.136
934,Tommy,Elliott,telliottpx@cbslocal.com,Male,0.55.55.81
935,Roderic,Megainey,rmegaineypy@admin.ch,Male,174.241.115.185
936,Blanch,M'Barron,bmbarronpz@mozilla.org,Female,202.249.72.29
937,Pennie,Swafford,pswaffordq0@google.cn,Female,111.9.157.68
938,Lane,Burkett,lburkettq1@spiegel.de,Male,122.110.33.199
939,Erastus,Gregori,egregoriq2@tripod.com,Male,64.254.44.247
940,Hynda,Scowcraft,hscowcraftq3@nytimes.com,Female,110.138.19.142
941,Brew,Janks,bjanksq4@dot.gov,Male,210.160.72.190
942,Lissy,Okeshott,lokeshottq5@dedecms.com,Female,217.73.119.73
943,Berta,Pooley,bpooleyq6@ifeng.com,Female,210.44.91.155
944,Marshal,Bunston,mbunstonq7@smh.com.au,Male,213.33.195.97
945,Roi,Fouldes,rfouldesq8@skyrock.com,Male,22.167.107.118
946,Mathe,Phillins,mphillinsq9@wikispaces.com,Male,225.115.227.50
947,Jobyna,Hagerty,jhagertyqa@chron.com,Female,148.136.182.119
948,Thorny,Tift,ttiftqb@dropbox.com,Male,245.206.10.121
949,Abrahan,Tripcony,atripconyqc@hao123.com,Male,208.223.91.117
950,Odey,Beazey,obeazeyqd@dot.gov,Male,2.113.131.109
951,Linus,McKevany,lmckevanyqe@trellian.com,Male,92.85.55.138
952,Curcio,Mottershaw,cmottershawqf@smh.com.au,Male,107.45.105.67
953,Rafaela,Soanes,rsoanesqg@elpais.com,Female,202.27.239.251
954,Darbie,Dilloway,ddillowayqh@macromedia.com,Bigender,74.137.178.157
955,Vivyanne,Glading,vgladingqi@lulu.com,Female,48.247.74.39
956,Carilyn,Sandeford,csandefordqj@nydailynews.com,Female,177.200.138.175
957,Jacquelynn,MacRitchie,jmacritchieqk@squidoo.com,Female,60.16.183.244
958,Chic,Silverston,csilverstonql@wordpress.org,Male,108.45.142.42
959,Cam,Frawley,cfrawleyqm@blogtalkradio.com,Male,134.248.122.126
960,Dre,Kittle,dkittleqn@google.co.uk,Female,56.240.164.197
961,Elysee,Imrie,eimrieqo@paginegialle.it,Female,73.235.167.152
962,Morena,Arnopp,marnoppqp@theguardian.com,Female,50.196.82.91
963,Ivy,Dwelly,idwellyqq@google.com.au,Female,83.78.20.219
964,Tiffany,Hailwood,thailwoodqr@apache.org,Genderfluid,64.109.234.203
965,Terrence,Cauldfield,tcauldfieldqs@jimdo.com,Genderqueer,35.111.79.128
966,Vicki,Quarry,vquarryqt@twitpic.com,Female,236.87.12.136
967,Aile,Dinjes,adinjesqu@vinaora.com,Female,48.158.122.192
968,Ertha,Kubas,ekubasqv@list-manage.com,Female,162.237.87.56
969,Christophe,Broadbent,cbroadbentqw@newyorker.com,Genderqueer,150.157.255.212
970,Timoteo,De La Hay,tdelahayqx@themeforest.net,Male,206.35.72.232
971,Valentina,Kapiloff,vkapiloffqy@storify.com,Polygender,59.182.161.28
972,Lawton,MacLice,lmacliceqz@biblegateway.com,Male,196.181.242.92
973,Lucias,Ongin,longinr0@nymag.com,Male,184.163.171.238
974,Will,Goodlud,wgoodludr1@twitpic.com,Male,195.195.66.252
975,Colin,Songer,csongerr2@usatoday.com,Male,1.104.238.33
976,Hayley,Truse,htruser3@thetimes.co.uk,Genderfluid,204.4.75.126
977,Pietro,O' Molan,pomolanr4@smh.com.au,Male,63.215.206.61
978,Randolph,Casterou,rcasterour5@typepad.com,Male,136.13.248.9
979,Flori,Humpherston,fhumpherstonr6@sbwire.com,Female,32.137.194.129
980,Atlante,De Stoop,adestoopr7@mozilla.org,Bigender,56.210.84.217
981,Nonie,Whysall,nwhysallr8@devhub.com,Female,25.160.146.157
982,Ann-marie,McGeraghty,amcgeraghtyr9@rediff.com,Female,230.9.60.155
983,Tyrone,Kimm,tkimmra@de.vu,Bigender,23.185.60.19
984,Gunilla,Alcott,galcottrb@hhs.gov,Female,183.219.134.92
985,Petronia,Flynn,pflynnrc@telegraph.co.uk,Female,180.192.224.151
986,Richmound,O' Ronan,roronanrd@gizmodo.com,Male,228.135.181.48
987,Amalia,Veryard,averyardre@apache.org,Female,122.35.12.116
988,Judas,Antonin,jantoninrf@sfgate.com,Male,9.38.202.32
989,Friedrick,Slay,fslayrg@vistaprint.com,Male,81.230.72.128
990,Amara,Oldroyd,aoldroydrh@opensource.org,Female,65.26.132.201
991,Alberto,Rapi,arapiri@who.int,Male,31.175.208.46
992,Flint,Holde,fholderj@yellowbook.com,Male,252.169.187.27
993,Karil,Feaster,kfeasterrk@eepurl.com,Female,237.32.156.178
994,Adriano,Gamwell,agamwellrl@auda.org.au,Male,245.108.190.130
995,Yvette,Sainter,ysainterrm@fastcompany.com,Female,209.105.20.19
996,Berty,Toland,btolandrn@about.me,Female,172.80.107.120
997,Abramo,Corke,acorkero@ca.gov,Genderfluid,70.176.77.103
998,Starla,Sorensen,ssorensenrp@hhs.gov,Female,111.238.136.124
999,Marianne,Feldmark,mfeldmarkrq@php.net,Female,118.13.241.221
1000,August,Gaskoin,agaskoinrr@sogou.com,Male,219.17.237.102
